"Time (s)","X (m/s^2)","Y (m/s^2)","Z (m/s^2)"
0.000000000E0,-1.483864288E0,4.375101929E0,8.175099792E0
9.946000006E-3,-1.568438416E0,4.493056641E0,8.120463409E0
1.989200001E-2,-1.520088959E0,4.461921387E0,8.184380493E0
2.983800002E-2,-1.545536041E0,4.457430725E0,8.112978973E0
3.978499997E-2,-1.595532074E0,4.487368469E0,7.918832703E0
4.973099998E-2,-1.546284485E0,4.446802826E0,7.736212463E0
5.967699998E-2,-1.302441559E0,4.231700134E0,8.078101501E0
6.962299999E-2,-9.476792908E-1,3.884122925E0,8.567882996E0
7.956899999E-2,-6.340814209E-1,3.722309418E0,8.740174713E0
8.951500000E-2,-6.668632507E-1,3.629203033E0,8.876391449E0
9.946200001E-2,-7.694000244E-1,3.644920349E0,9.034013672E0
1.094080000E-1,-7.860154724E-1,3.593876495E0,9.238937531E0
1.193540000E-1,-7.348219299E-1,3.587888947E0,9.409432983E0
1.293000000E-1,-5.388793945E-1,3.671714630E0,9.373358002E0
1.392460000E-1,-8.336164856E-1,3.263064423E0,9.323361969E0
1.491920000E-1,-4.890330505E-1,3.403023376E0,9.434880066E0
1.591380000E-1,-2.044747925E-1,3.487896881E0,9.562863922E0
1.690850000E-1,-1.050814819E-1,3.249742126E0,9.640702057E0
1.790310000E-1,-3.161425781E-1,3.033741302E0,9.848619690E0
1.889770000E-1,-2.038760376E-1,2.978057098E0,1.006327332E1
1.989230000E-1,-5.948629761E-1,3.264112244E0,8.756490784E0
2.088690000E-1,-4.375401306E-1,3.555406494E0,9.058412933E0
2.188150000E-1,-1.258882141E-1,3.192710724E0,9.278305664E0
2.287620000E-1,6.466552734E-2,2.927312622E0,9.136251068E0
2.387080000E-1,2.260299683E-1,2.917133789E0,9.152118073E0
2.486540000E-1,1.974394226E-1,2.822979584E0,9.202862549E0
2.586000000E-1,9.909393311E-2,2.760409698E0,9.328601074E0
2.685460000E-1,-1.661544800E-2,2.766846313E0,9.329948273E0
2.784920000E-1,2.380050659E-2,2.702330475E0,9.276359711E0
2.884380000E-1,2.168989563E-1,2.513423309E0,9.180708618E0
2.983850000E-1,4.622387695E-1,2.345622253E0,9.144483948E0
3.083310000E-1,6.439608765E-1,2.164947968E0,9.143436127E0
3.182770000E-1,5.414241028E-1,2.249073029E0,9.076525269E0
3.282230000E-1,-1.841171265E-2,2.459834747E0,8.830886078E0
3.381690000E-1,-6.551875305E-1,2.742297363E0,8.650511169E0
3.481150000E-1,-1.019529877E0,2.930755463E0,8.797056427E0
3.580620000E-1,-8.164022827E-1,2.643203430E0,9.127419434E0
3.680080000E-1,-3.779640198E-1,2.005379791E0,9.431736603E0
3.779540000E-1,-1.330732727E-1,1.526824951E0,9.637408905E0
3.879000000E-1,-3.204835510E-1,1.607656860E0,9.621242523E0
3.978460000E-1,-1.046473846E0,2.080224152E0,9.751621399E0
4.077920000E-1,-1.738185425E0,2.451751556E0,9.718839569E0
4.177380000E-1,-1.722318420E0,2.294877777E0,9.354796600E0
4.276850000E-1,-1.503024445E0,2.470762024E0,9.233399048E0
4.376310000E-1,-1.433119812E0,3.112926636E0,9.512568512E0
4.475769583E-1,-9.810598755E-1,2.550396423E0,8.901239777E0
4.575229583E-1,-1.993105316E0,1.972897339E0,7.988288269E0
4.674689583E-1,-2.929557953E0,2.029479675E0,8.530311127E0
4.774149584E-1,-2.750829620E0,2.758613434E0,9.823771362E0
4.873609583E-1,-2.589764557E0,2.779420166E0,1.007285339E1
4.973079583E-1,-1.944306793E0,2.382595367E0,9.927505646E0
5.072539583E-1,-1.251996460E0,2.037862244E0,1.045800247E1
5.171999583E-1,-6.511459351E-2,1.698068848E0,9.657317505E0
5.271459583E-1,1.662742310E0,9.919871521E-1,8.624764709E0
5.370919583E-1,1.286574554E0,8.592132568E-1,1.007000931E1
5.470379583E-1,1.708397369E0,-1.779798889E-1,1.171568710E1
5.569849584E-1,2.570903778E0,-1.036295013E0,1.141990219E1
5.669309583E-1,3.575764160E0,-9.159452820E-1,1.001237915E1
5.768769583E-1,2.546055450E0,-2.547702026E-1,9.554032288E0
5.868229583E-1,1.612147522E0,1.022972717E0,9.042096863E0
5.967689583E-1,1.252146149E0,1.729952545E0,9.195078735E0
6.067149583E-1,2.697390747E-1,1.162931671E0,8.743318176E0
6.166609583E-1,-1.339714050E-1,1.217568054E0,9.056317291E0
6.266079583E-1,-1.537303162E-1,1.714684296E0,1.016221756E1
6.365539583E-1,-5.210664368E-1,2.185754700E0,1.049138306E1
6.464999584E-1,-1.401685181E0,1.849254456E0,9.617350616E0
6.564459583E-1,-2.285297699E0,1.759441223E0,8.957971802E0
6.663919583E-1,-2.353106689E0,1.979783020E0,8.443791046E0
6.763379583E-1,-1.873953094E0,2.040556641E0,8.488847351E0
6.862849583E-1,-1.107696533E0,2.054627380E0,8.616382141E0
6.962309583E-1,-7.108717346E-1,2.042203217E0,9.055718536E0
7.061769583E-1,-3.662882996E-1,2.101479950E0,8.862470398E0
7.161229583E-1,3.926335144E-1,1.850152588E0,9.529183960E0
7.260689583E-1,1.255738678E0,4.261637878E-1,8.999585266E0
7.360149584E-1,2.162552948E0,2.107617188E-1,9.496252441E0
7.459609583E-1,2.006427612E0,2.094145203E-1,1.053389465E1
7.559079583E-1,1.517843628E0,-9.864486694E-2,1.073537567E1
7.658539583E-1,9.729766846E-1,-2.785707092E-1,1.090542206E1
7.757999583E-1,4.571493530E-1,-3.050656128E-1,1.099239120E1
7.857459583E-1,8.487350464E-2,-3.037184143E-1,9.958940277E0
7.956919583E-1,1.446741486E0,1.996847534E-1,9.207502899E0
8.056379583E-1,3.514840851E0,-7.753875732E-2,9.063502350E0
8.155849584E-1,2.135608978E0,-4.273612976E-1,8.838520203E0
8.255309583E-1,6.837780762E-1,3.538641357E-1,1.004007156E1
8.354769583E-1,-7.411088562E-1,5.571414185E-1,9.490863647E0
8.454229583E-1,-1.221010895E0,4.408332825E-1,1.021326141E1
8.553689583E-1,-1.994751892E0,3.495231628E-1,1.109926895E1
8.653149583E-1,-2.372865601E0,-3.308120728E-2,1.102217926E1
8.752609583E-1,-2.119592285E0,3.592529297E-2,1.003842499E1
8.852079583E-1,-2.902164917E0,1.271306305E0,9.458979950E0
8.951539584E-1,-1.310075684E0,2.535577240E0,9.074878693E0
9.050999584E-1,6.620732117E-1,2.517764282E0,7.927814026E0
9.150459583E-1,1.183888092E0,2.198627930E0,7.401059418E0
9.249919583E-1,1.765578461E0,1.261277161E0,7.227420502E0
9.349379583E-1,2.347268829E0,8.279283142E-1,7.306156769E0
9.448849583E-1,2.523901520E0,9.734257507E-1,7.592062225E0
9.548309583E-1,2.474504242E0,1.161285095E0,7.812254333E0
9.647769583E-1,2.425106964E0,1.657802582E0,8.052504730E0
9.747229583E-1,2.339634705E0,1.906435547E0,7.676786041E0
9.846689584E-1,2.172432404E0,1.834584961E0,7.532037048E0
9.946149584E-1,2.195484467E0,1.710792389E0,7.640112305E0
1.004561958E0,2.602787476E0,1.458417206E0,7.626640320E0
1.014507958E0,3.031945038E0,1.174757080E0,7.373965759E0
1.024453958E0,3.575015717E0,1.215771790E0,6.904841309E0
1.034399958E0,3.874243469E0,1.480571136E0,6.356381836E0
1.044345958E0,3.635939026E0,1.614243164E0,5.888155518E0
1.054291958E0,3.210823059E0,1.489851837E0,5.694009247E0
1.064238958E0,2.988086243E0,9.744735718E-1,5.109325104E0
1.074184958E0,3.363655243E0,5.786965942E-1,4.733157349E0
1.084130958E0,4.185446320E0,2.865042114E-1,4.888983307E0
1.094076958E0,4.842879181E0,-2.275268555E-1,5.157225494E0
1.104022958E0,5.391039276E0,-9.542655945E-1,5.221142578E0
1.113968958E0,5.745202789E0,-1.600771179E0,5.410349121E0
1.123915958E0,6.228098602E0,-2.130519562E0,5.481600952E0
1.133861958E0,6.742279358E0,-2.778072968E0,5.028044128E0
1.143807958E0,7.245832214E0,-3.144810333E0,4.673281860E0
1.153753958E0,8.305478668E0,-3.031945038E0,4.418661346E0
1.163699958E0,9.710157623E0,-2.943029938E0,4.271667023E0
1.173645958E0,1.093446167E1,-2.943778381E0,4.174968109E0
1.183592958E0,1.153740784E1,-3.112926636E0,4.389472046E0
1.193538958E0,1.143172760E1,-3.215762787E0,4.263583832E0
1.203484958E0,1.087548431E1,-3.057841187E0,3.985013123E0
1.213430958E0,1.029633865E1,-2.809657288E0,3.820654907E0
1.223376958E0,9.866133270E0,-2.597248993E0,3.598067780E0
1.233322958E0,9.607321472E0,-2.238145752E0,3.806584167E0
1.243268958E0,9.389674072E0,-1.808090057E0,4.319567413E0
1.253215958E0,9.353449402E0,-1.493594055E0,4.596790924E0
1.263161958E0,1.022987686E1,-7.210505676E-1,4.937781830E0
1.273107958E0,1.220696548E1,4.632865906E-1,4.925058289E0
1.283053958E0,1.377211075E1,9.683363342E-1,4.447700958E0
1.292999958E0,1.404783737E1,5.791456604E-1,3.748205566E0
1.302945958E0,1.386446869E1,-1.154100037E-1,3.671714630E0
1.312892958E0,1.354069199E1,-5.977070618E-1,3.901037750E0
1.322838958E0,1.296903076E1,-5.158273315E-1,3.751199341E0
1.332784958E0,1.175909683E1,1.267863464E-1,3.714226227E0
1.342730958E0,1.105825424E1,1.251697083E0,3.625161438E0
1.352676958E0,1.218945190E1,3.003803558E0,2.872077484E0
1.362622958E0,1.399963760E1,4.099824371E0,2.380499725E0
1.372569958E0,1.459914093E1,3.886218567E0,2.012265472E0
1.382515958E0,1.351284988E1,4.823868713E0,2.745889893E0
1.392461958E0,1.271081772E1,6.119274902E0,2.700234833E0
1.402407958E0,1.241922409E1,5.085075531E0,5.962101746E-1
1.412353958E0,1.194905182E1,4.732558594E0,1.435514832E-1
1.422300958E0,1.215681976E1,5.322631531E0,2.052232361E-1
1.432246958E0,1.248823059E1,5.370980988E0,1.851649475E-1
1.442192958E0,1.220262451E1,5.093757477E0,1.929487610E-1
1.452138125E0,1.161165344E1,5.144951019E0,7.761360168E-1
1.462084125E0,1.173814041E1,5.289999390E0,8.527766418E-1
1.472030125E0,1.262414795E1,5.307812347E0,7.069798279E-1
1.481977125E0,1.311946793E1,5.468877411E0,6.298901367E-1
1.491923125E0,1.252969437E1,5.939648438E0,1.122366028E0
1.501869125E0,1.191956314E1,6.510112152E0,1.209634552E0
1.511815125E0,1.116962265E1,6.507118378E0,8.192463684E-1
1.521761125E0,1.033660492E1,6.468648376E0,7.846682739E-1
1.531707125E0,9.841434631E0,6.263574829E0,6.414161682E-1
1.541654125E0,9.513616333E0,5.952072601E0,1.619631958E-1
1.551600125E0,9.942175140E0,6.637796631E0,-6.511459351E-2
1.561546125E0,1.182510956E1,7.580536194E0,-8.747808838E-1
1.571492125E0,1.343920303E1,8.108039246E0,-1.099463654E0
1.581438125E0,1.301169205E1,8.397088165E0,-2.209405518E-1
1.591384125E0,1.155492142E1,8.021369476E0,2.963836670E-1
1.601331125E0,9.817634125E0,7.996072083E0,5.207670593E-1
1.611277125E0,8.752748566E0,8.214318237E0,2.639012146E-1
1.621223125E0,8.354576569E0,8.594377899E0,-3.520678711E-1
1.631169125E0,8.556806030E0,9.304650879E0,-1.307680664E0
1.641115125E0,8.937614136E0,9.772727509E0,-2.528092804E0
1.651061125E0,8.385562134E0,9.999655609E0,-3.271446991E0
1.661008125E0,6.932384033E0,9.745783539E0,-3.322341156E0
1.670954125E0,6.080355835E0,8.863667908E0,-3.290158081E0
1.680900125E0,5.206473083E0,8.229885864E0,-2.793490906E0
1.690846125E0,4.586163025E0,7.898624725E0,-2.334844666E0
1.700792125E0,4.669689331E0,7.709867249E0,-2.670147400E0
1.710738125E0,5.247338104E0,7.213649139E0,-3.412603455E0
1.720685125E0,5.757926331E0,6.541097717E0,-4.216581573E0
1.730631125E0,6.079158325E0,4.810696106E0,-4.648732910E0
1.740577125E0,6.405030670E0,3.493135986E0,-3.111579437E0
1.750523125E0,5.698649597E0,4.623136139E0,2.664459229E-1
1.760469125E0,5.606141968E0,4.950355682E0,2.049238586E0
1.770415125E0,5.014871521E0,4.471351776E0,1.189875641E0
1.780362125E0,3.561094666E0,4.857099609E0,1.040635986E0
1.790308125E0,3.388802948E0,5.642067261E0,1.794169006E0
1.800254125E0,4.355492706E0,5.884862366E0,1.199306030E0
1.810200125E0,5.162763977E0,6.928342438E0,7.822732544E-1
1.820146125E0,5.744005280E0,8.265960846E0,4.535568237E-1
1.830092125E0,5.372178497E0,9.676028595E0,-1.395997009E0
1.840039125E0,2.819985809E0,9.111702118E0,-3.612886963E0
1.849985125E0,1.611848145E0,7.642357635E0,-5.920637970E0
1.859931125E0,1.310973816E0,6.491700439E0,-6.378236389E0
1.869877125E0,1.713636475E0,5.439089355E0,-6.253395996E0
1.879823125E0,2.552791443E0,5.696254578E0,-5.712570648E0
1.889769125E0,2.821632385E0,6.463708649E0,-4.793032837E0
1.899716125E0,2.647245026E0,6.569837952E0,-3.781436462E0
1.909662125E0,2.229763184E0,6.630312195E0,-3.318748627E0
1.919608125E0,2.583178253E0,8.393645325E0,-3.486998749E0
1.929554125E0,3.659589844E0,1.046907944E1,-2.665207672E0
1.939500125E0,4.540957031E0,1.066367477E1,-4.397854614E0
1.949447125E0,3.939358063E0,7.941585388E0,-5.282964020E0
1.959393125E0,3.218157806E0,5.854325867E0,-5.315745850E0
1.969339125E0,3.179238739E0,5.098248138E0,-4.967719574E0
1.979285125E0,3.846101990E0,5.077740784E0,-4.586761780E0
1.989231125E0,4.609963531E0,5.230123901E0,-4.959786072E0
1.999177125E0,4.742138672E0,5.661377106E0,-5.168302460E0
2.009124125E0,3.975283356E0,6.372248840E0,-4.224365387E0
2.019070125E0,3.431613922E0,6.140680389E0,-3.560944977E0
2.029016125E0,3.203638000E0,5.659431152E0,-2.473755798E0
2.038962125E0,3.101699982E0,4.758155365E0,-3.454665985E0
2.048908125E0,2.182611237E0,3.741020508E0,-5.088817749E0
2.058854125E0,9.313632202E-1,3.284469910E0,-5.624104614E0
2.068801125E0,1.183139648E0,3.594475250E0,-6.394552460E0
2.078747125E0,2.706372070E0,3.941753082E0,-6.880591736E0
2.088693125E0,3.998036041E0,4.704716492E0,-6.586004333E0
2.098639125E0,4.902604980E0,6.049370270E0,-6.084098053E0
2.108585125E0,5.019960938E0,7.836354218E0,-6.187233582E0
2.118531125E0,4.379143524E0,7.969427490E0,-7.073241119E0
2.128478125E0,2.369273071E0,5.970035248E0,-5.820346527E0
2.138424125E0,-2.685415649E-1,5.294939117E0,-2.225422211E0
2.148370125E0,6.191125488E-1,8.925189972E0,3.561094666E-1
2.158316125E0,4.563410339E0,1.278880554E1,2.814147949E-1
2.168262125E0,6.297554169E0,1.277233978E1,1.248852997E0
2.178208125E0,6.668782196E0,1.332933151E1,-1.468446350E-1
2.188155125E0,3.296894073E0,1.148920807E1,8.592132568E-2
2.198101125E0,1.830393677E0,9.097631378E0,-5.242098999E-1
2.208047125E0,1.466650085E0,7.691006470E0,-1.591490479E0
2.217993125E0,1.315464478E0,7.721093903E0,-2.608775024E0
2.227939125E0,3.358715515E0,8.252339172E0,-4.410428467E0
2.237886125E0,5.379213867E0,1.042387344E1,-4.524042206E0
2.247832125E0,5.661526794E0,1.504895554E1,-3.049458618E0
2.257778125E0,3.996090088E0,1.791759018E1,-3.568878479E0
2.267724125E0,1.282982025E0,1.593107117E1,-5.381159821E0
2.277670125E0,-2.375559998E-1,1.205188797E1,-5.269042969E0
2.287616125E0,1.206940155E0,1.189591232E1,-3.718417511E0
2.297563125E0,2.343975677E0,1.187076462E1,-3.354075165E0
2.307509125E0,2.183209991E0,1.135957764E1,-2.707419891E0
2.317455125E0,1.489552460E0,1.289762924E1,-1.661993866E0
2.327401125E0,9.472302246E-1,1.424797119E1,-2.874173126E0
2.337347125E0,9.090596008E-1,1.268956192E1,-4.106260986E0
2.347293125E0,8.095166016E-1,1.048734146E1,-4.171974335E0
2.357240125E0,1.692081299E0,8.287066956E0,-3.803440704E0
2.367186125E0,1.724114685E0,7.018604736E0,-3.666924591E0
2.377132125E0,1.752106476E0,7.472610626E0,-3.427123260E0
2.387078125E0,4.242028656E0,9.057814178E0,-3.481759644E0
2.397024125E0,4.893324280E0,9.507329407E0,-3.470233612E0
2.406970125E0,3.567680969E0,9.029822388E0,-5.118605804E0
2.416917125E0,2.353256378E0,8.669970703E0,-5.878425751E0
2.426863125E0,9.142987061E-1,7.739954681E0,-5.261708221E0
2.436809125E0,4.932243347E-1,7.028184814E0,-5.070555725E0
2.446755083E0,6.740483093E-1,6.699468384E0,-4.311484222E0
2.456701083E0,1.717528381E0,6.932234344E0,-3.782933350E0
2.466647083E0,2.414628754E0,8.597072296E0,-3.291804657E0
2.476594083E0,2.438129883E0,9.358089752E0,-3.723955994E0
2.486540083E0,2.569706268E0,8.805139618E0,-5.046755219E0
2.496486083E0,2.345322876E0,6.806346130E0,-4.934788055E0
2.506432083E0,2.195035400E0,5.816005554E0,-3.434458008E0
2.516378083E0,2.110461273E0,5.926176453E0,-3.367696838E0
2.526325083E0,2.098336487E0,6.967111816E0,-5.404062195E0
2.536271083E0,1.012793884E0,7.940836945E0,-6.864724731E0
2.546217083E0,-1.927990723E-1,9.151968384E0,-7.783214722E0
2.556163083E0,-5.548960876E-1,9.518256683E0,-7.960895233E0
2.566109083E0,-2.486329651E-1,8.203241272E0,-7.248975677E0
2.576055083E0,2.395019531E-3,6.699618073E0,-5.646258545E0
2.586002083E0,-1.565744019E-1,5.369184723E0,-4.561165009E0
2.595948083E0,6.861730957E-1,5.165009308E0,-4.944966888E0
2.605894083E0,1.166823578E0,5.470673676E0,-4.272864532E0
2.615840083E0,1.236428833E0,5.119354248E0,-3.585344238E0
2.625786083E0,1.283281403E0,4.275708618E0,-2.127525787E0
2.635732083E0,2.929707642E0,2.682571564E0,-1.607207794E0
2.645679083E0,4.819527740E0,1.134640503E-1,-8.147557068E-1
2.655625083E0,7.105573883E0,7.349716187E-2,-2.512824554E0
2.665571083E0,6.424340515E0,1.621727600E0,-3.398532715E0
2.675517083E0,5.050497437E0,4.675078125E0,-3.881877594E0
2.685463083E0,2.719844055E0,6.996151428E0,-5.760321350E0
2.695409083E0,1.057850189E0,1.044048889E1,-8.115823059E0
2.705356083E0,1.045426025E0,1.422911041E1,-9.213789825E0
2.715302083E0,7.679031372E-1,1.622940079E1,-9.408085785E0
2.725248083E0,2.673440552E-1,1.592882584E1,-7.805817719E0
2.735194083E0,-2.827619934E-1,1.355985214E1,-4.212989044E0
2.745140083E0,-7.120692444E-1,1.229917374E1,8.906478882E-2
2.755086083E0,-6.668632507E-1,1.265453476E1,2.357747040E0
2.765033083E0,1.045725403E0,1.229168930E1,9.798623657E-1
2.774979083E0,2.805466003E0,1.280212784E1,-9.126521301E-1
2.784925083E0,2.822081451E0,1.319895264E1,-1.652862854E0
2.794871083E0,2.888842621E0,1.362466736E1,-2.614912262E0
2.804817083E0,3.052153015E0,1.363230148E1,-4.210444336E0
2.814764083E0,2.462080078E0,1.260738281E1,-5.475014648E0
2.824710083E0,2.084864502E0,1.146480881E1,-5.889652405E0
2.834656083E0,2.405647430E0,1.119312378E1,-5.487738190E0
2.844602083E0,2.378254395E0,1.112157257E1,-5.210963745E0
2.854548083E0,3.019221497E0,1.214783844E1,-3.489244080E0
2.864494083E0,2.474953308E0,1.188363785E1,-2.921774139E0
2.874441083E0,1.947150879E0,1.093685669E1,-3.978576508E0
2.884387083E0,-2.068698120E-1,3.765120392E0,-9.735455017E0
2.894333083E0,-8.369096375E-1,7.881111145E-1,-6.746470642E0
2.904279083E0,8.244854736E-1,2.263293457E0,-2.276316376E0
2.914225083E0,2.235601044E0,5.094505920E0,-3.994742889E0
2.924171083E0,2.254012756E0,6.468798065E0,-6.321204987E0
2.934118083E0,2.534080353E0,7.586673431E0,-6.490802307E0
2.944064083E0,2.487676849E0,6.052214355E0,-6.553072815E0
2.954010083E0,2.951412506E0,5.492677917E0,-5.610333252E0
2.963956083E0,2.871329041E0,3.604803772E0,-6.530918884E0
2.973902083E0,3.067121887E0,2.337089996E0,-4.373455353E0
2.983849083E0,2.996019745E0,3.170407104E0,-3.209625549E0
2.993795083E0,3.338357849E0,5.830675049E0,-3.280727692E0
3.003741083E0,4.204905853E0,8.084687805E0,-3.675905914E0
3.013687083E0,4.926704865E0,9.346863098E0,-4.796625366E0
3.023633083E0,4.832850037E0,9.327403564E0,-5.966891785E0
3.033579083E0,3.451372833E0,8.567882996E0,-5.858517151E0
3.043526083E0,1.817670135E0,8.178093567E0,-5.475613403E0
3.053472083E0,1.209035797E0,8.599617004E0,-4.972659302E0
3.063418083E0,2.290237427E0,9.556876373E0,-4.351600800E0
3.073364083E0,4.273313599E0,9.929451599E0,-3.804638214E0
3.083310083E0,6.383924561E0,9.511371002E0,-4.217330017E0
3.093256083E0,7.703879700E0,8.379574585E0,-5.849386139E0
3.103203083E0,7.240144043E0,8.909322968E0,-6.993606720E0
3.113149083E0,4.064797211E0,9.627379761E0,-6.674170990E0
3.123095083E0,1.068777466E-1,9.880503387E0,-7.116950226E0
3.133041083E0,-1.212179260E0,6.694378967E0,-8.645870819E0
3.142987083E0,-2.222428436E0,5.774841156E0,-5.691913605E0
3.152933083E0,-2.746937714E0,5.268444214E0,-5.761219482E0
3.162880083E0,-3.523223419E0,5.360802155E0,-5.710475006E0
3.172826083E0,-3.589685211E0,5.789061584E0,-6.067632294E0
3.182772083E0,-2.371368713E0,6.632856903E0,-6.373895416E0
3.192718083E0,7.842192078E-1,6.794820099E0,-6.708000641E0
3.202664083E0,3.846700745E0,6.850803680E0,-4.251908112E0
3.212611083E0,6.022875366E0,5.348377991E0,-2.678829346E0
3.222557083E0,6.177653503E0,3.935466156E0,-2.566562805E0
3.232503083E0,4.208648071E0,3.697760468E0,-2.145338745E0
3.242449083E0,1.346749420E0,4.379143524E0,-2.088756409E0
3.252395083E0,-3.706292725E-1,6.108946381E0,-4.150419159E0
3.262341083E0,-2.781216431E-1,8.560548248E0,-5.726342010E0
3.272288083E0,1.365310822E0,9.685159607E0,-7.201524353E0
3.282234083E0,2.499801636E0,9.352850647E0,-7.057673492E0
3.292180083E0,2.988385620E0,8.758586426E0,-5.632487183E0
3.302126083E0,3.322640533E0,8.205636292E0,-5.100493469E0
3.312072083E0,2.787952423E0,8.062533875E0,-4.727618866E0
3.322019083E0,1.716480560E0,7.790848846E0,-4.809498596E0
3.331965083E0,1.296004944E0,8.534652100E0,-5.330265656E0
3.341911083E0,1.075214081E0,9.327553253E0,-5.717510376E0
3.351857083E0,2.471360779E-1,9.750723267E0,-4.735103302E0
3.361803083E0,5.563929749E-1,1.088536377E1,-4.379442902E0
3.371749083E0,2.358645172E0,1.092727661E1,-5.717959442E0
3.381696083E0,4.120631104E0,9.897418213E0,-6.641688538E0
3.391642083E0,4.759203186E0,8.651858368E0,-6.810986481E0
3.401588083E0,4.258644104E0,7.843688965E0,-5.480403442E0
3.411534083E0,3.025508423E0,7.719447327E0,-3.780688019E0
3.421480083E0,1.872007141E0,7.440876617E0,-3.375031586E0
3.431426083E0,1.001866608E0,7.197782135E0,-3.961362305E0
3.441373083E0,5.188211060E-1,7.319628754E0,-4.763993225E0
3.451319833E0,-2.621049500E-1,8.515791321E0,-4.450844421E0
3.461265833E0,-1.176553345E0,1.089554260E1,-2.801873474E0
3.471211833E0,7.740403748E-1,1.093580887E1,-4.039649506E0
3.481157833E0,2.507735138E0,9.939480743E0,-4.973557434E0
3.491104833E0,2.442171478E0,9.326954498E0,-4.641398163E0
3.501050833E0,2.751877441E0,8.969348145E0,-4.815336456E0
3.501050833E0,-2.194286957E0,5.007836151E0,8.539591827E0
3.510996833E0,-2.531685333E0,5.111271057E0,8.376580811E0
3.520941833E0,-2.504441986E0,5.100044403E0,8.384664001E0
3.530886833E0,-2.199076996E0,4.972808990E0,8.342152405E0
3.540832833E0,-1.862277374E0,4.765041046E0,8.232729950E0
3.550777833E0,-1.690734100E0,4.634213104E0,8.303233337E0
3.560722833E0,-1.757195892E0,4.593198395E0,8.398884430E0
3.570668833E0,-1.737736359E0,4.513713684E0,8.673712921E0
3.580613833E0,-1.614392853E0,4.392016754E0,8.826245728E0
3.590558833E0,-1.470242615E0,4.298760681E0,8.693621521E0
3.600504833E0,-1.359622650E0,4.247866516E0,8.529712372E0
3.610449833E0,-1.362466736E0,4.322411499E0,8.464597778E0
3.620395833E0,-1.320404205E0,4.346960449E0,8.602311401E0
3.630340833E0,-1.249152374E0,4.270918579E0,8.586444397E0
3.640285833E0,-1.027164001E0,4.183799744E0,8.627459106E0
3.650231833E0,-8.256829834E-1,4.079616394E0,8.841364288E0
3.660176833E0,-6.264472961E-1,3.901486816E0,9.088051300E0
3.670121833E0,-5.641767883E-1,3.865860901E0,9.104217682E0
3.680067833E0,-5.996530151E-1,3.924838257E0,9.076076202E0
3.690012833E0,-6.664141846E-1,3.975582733E0,9.188342743E0
3.699958833E0,-6.146218872E-1,3.985162811E0,9.037007446E0
3.709903833E0,-6.192622375E-1,4.040547638E0,8.771160278E0
3.719848833E0,-6.480024719E-1,4.084406433E0,8.710985413E0
3.729794833E0,-7.455995178E-1,4.115391998E0,8.708141327E0
3.739739833E0,-7.490423584E-1,4.108206940E0,8.768316193E0
3.749684833E0,-7.065307617E-1,4.045637054E0,8.914562073E0
3.759630833E0,-7.075785828E-1,3.996539154E0,9.077273712E0
3.769575833E0,-7.725434875E-1,4.003574524E0,9.217681732E0
3.779520833E0,-8.668473816E-1,4.072581024E0,9.281149750E0
3.789466833E0,-8.403524780E-1,4.101470947E0,9.120234375E0
3.799411833E0,-7.354206848E-1,4.121678925E0,8.900940399E0
3.809357833E0,-6.340814209E-1,4.146227875E0,8.748407593E0
3.819302833E0,-6.920109558E-1,4.203408966E0,8.763376465E0
3.829247833E0,-8.270301819E-1,4.240531769E0,8.840166779E0
3.839193833E0,-9.086105347E-1,4.237687683E0,8.929680634E0
3.849137833E0,-9.985734558E-1,4.260590057E0,9.004524994E0
3.859082833E0,-1.113085327E0,4.270170135E0,9.039552155E0
3.869028833E0,-1.080902252E0,4.214934998E0,8.959169312E0
3.878973833E0,-9.361532593E-1,4.115092621E0,8.781189423E0
3.888919833E0,-8.253836060E-1,4.017794952E0,8.722212067E0
3.898864833E0,-7.527845764E-1,4.017046509E0,8.747060394E0
3.908809833E0,-7.241940308E-1,3.967200165E0,8.835077362E0
3.918755833E0,-7.785310364E-1,3.906426544E0,8.939859467E0
3.928700833E0,-8.111631775E-1,3.902235260E0,9.097781067E0
3.938645833E0,-8.589138794E-1,3.945195923E0,9.137598267E0
3.948591833E0,-8.777746582E-1,3.972139893E0,9.013206940E0
3.958536833E0,-8.349636841E-1,4.016148376E0,8.865015106E0
3.968481833E0,-8.038284302E-1,4.076622620E0,8.783434753E0
3.978427833E0,-8.092172241E-1,4.076173553E0,8.880133667E0
3.988372833E0,-8.484356689E-1,4.030817871E0,8.992549896E0
3.998318833E0,-9.909393311E-1,4.052822113E0,8.956175537E0
4.008263833E0,-1.168919220E0,4.138444061E0,8.935668182E0
4.018208833E0,-1.273401947E0,4.175866241E0,8.867410126E0
4.028154833E0,-1.284029846E0,4.244423676E0,8.710236969E0
4.038099833E0,-1.309626617E0,4.299209747E0,8.607400818E0
4.048044833E0,-1.326691132E0,4.319567413E0,8.560847626E0
4.057990833E0,-1.400787048E0,4.364923096E0,8.600664825E0
4.067935833E0,-1.648671570E0,4.406686249E0,8.789871368E0
4.077880833E0,-1.797312469E0,4.427492981E0,8.849896545E0
4.087826833E0,-1.868115234E0,4.444557495E0,8.747359772E0
4.097771833E0,-1.901196442E0,4.496798859E0,8.657546539E0
4.107717833E0,-1.898202667E0,4.564158783E0,8.458759918E0
4.117662833E0,-1.833387451E0,4.587061157E0,8.386460266E0
4.127607833E0,-1.741927643E0,4.570595398E0,8.380472717E0
4.137553833E0,-1.575473785E0,4.467459869E0,8.463250580E0
4.147498833E0,-1.468895416E0,4.365821228E0,8.571325836E0
4.157443833E0,-1.481918335E0,4.425097961E0,7.791746979E0
4.167389833E0,-1.743424530E0,4.618495789E0,6.752009125E0
4.177334833E0,-2.004182281E0,4.516707458E0,8.792865143E0
4.187279833E0,-2.217039642E0,4.566703491E0,9.287586365E0
4.197225833E0,-2.149979095E0,4.550088043E0,9.657616882E0
4.207170833E0,-1.831740875E0,4.488116913E0,9.663005676E0
4.217116833E0,-1.509311371E0,4.344266052E0,9.651928711E0
4.227061833E0,-1.338666229E0,4.357588348E0,9.536668396E0
4.237006833E0,-1.331930237E0,4.392914886E0,9.184001770E0
4.246952833E0,-1.377435608E0,4.444108429E0,8.802894287E0
4.256897833E0,-1.373543701E0,4.464316406E0,8.369246063E0
4.266842833E0,-1.402583313E0,4.478985901E0,8.055797882E0